﻿<EditDataFormTemplateSpec 
	xmlns="bb_appfx_editdataformtemplate"
	xmlns:c="bb_appfx_commontypes" 
	ID="5ef967d2-9996-4846-94c4-f49e9beec59b" 
	Name="Edit Data Form Designation Level Ext"
	Description="A data form for editing edit data form designation records" 
	Author="ADV\msstu6"
	DataFormInstanceID="e41242e6-d166-4da9-bb17-2d481dc7bfc3" 
	RecordType="Edit Designation Level Ext"
	c:SecurityUIFolder="Edit Data Form Template Spec"
	FormHeader="Edit"
	>

  <!-- 10051 -->
	<SPDataForm>

		<!-- define the edit load SP, which is used to load the data for the form -->
		<LoadImplementation SPName="USR_UAUSP_DATAFORMTEMPLATE_EDITLOAD_DESIGNATIONLEVEL_EXT">
			<c:CreateProcedureSQL>
				<![CDATA[
create procedure dbo.USR_UAUSP_DATAFORMTEMPLATE_EDITLOAD_DESIGNATIONLEVEL_EXT
(
    @ID uniqueidentifier,
    @DATALOADED bit = 0 output,
    @TSLONG bigint = 0 output,
    @FUNDMANAGERID nvarchar(255) = null output,
	@DESIGNATIONSTATUSCODEID nvarchar(255) = null output,
  @STEWARDSHIPNAME nvarchar(255) = null output,
  @PREFERREDSCHOOL nvarchar(255) = null output,
  @ESTABLISHEDBY nvarchar(255) = null output,
  @CONSTITUENTTYPE nvarchar(255) = null output,
  @FUNDRESTRICTION nvarchar(255) = null output,
  @MOADATE nvarchar(255) = null output,
  @RESOLUTIONDATE nvarchar(255) = null output,
  @DEPARTMENTCODEID nvarchar(255) = null output
)
as

	set nocount on;

	-- be sure to set these, in case the select returns no rows
	set @DATALOADED = 0
	set @TSLONG = 0

	-- populate the output parameters, which correspond to fields on the form.  Note that
	-- we set @DATALOADED = 1 to indicate that the load was successful.  Otherwise, the system
	-- will display a "no data loaded" message.  Also note that we fetch the TSLONG so that concurrency
	-- can be considered.
	select top 1
		@DATALOADED = 1,
		@TSLONG = TSLONG,
    @FUNDMANAGERID = FUNDMANAGERID,
		@DESIGNATIONSTATUSCODEID = DESIGNATIONSTATUSCODEID,
    @STEWARDSHIPNAME = STEWARDSHIPNAME,
    @PREFERREDSCHOOL = PREFERREDSCHOOLCODEID,
    @ESTABLISHEDBY = ESTABLISHEDBY,
    @CONSTITUENTTYPE = CONSTITUENTTYPECODEID,
    @FUNDRESTRICTION = FUNDRESTRICTION,
    @MOADATE = MOADATE,
    @RESOLUTIONDATE = RESOLUTIONDATE,
    @DEPARTMENTCODEID = DEPARTMENTCODEID
	from USR_UA_DESIGNATIONLEVEL_EXT
	where USR_UA_DESIGNATIONLEVEL_EXT.DESIGNATIONLEVELID = @ID

	return 0;
				]]>
			</c:CreateProcedureSQL>
		</LoadImplementation>

		<SaveImplementation SPName="USR_UAUSP_DATAFORMTEMPLATE_EDIT_DESIGNATIONLEVEL_EXT">
			<c:CreateProcedureSQL>
				<![CDATA[
create procedure dbo.USR_UAUSP_DATAFORMTEMPLATE_EDIT_DESIGNATIONLEVEL_EXT
(
	@ID uniqueidentifier,
	@CHANGEAGENTID uniqueidentifier = null,
  @FUNDMANAGERID nvarchar(255),
	@DESIGNATIONSTATUSCODEID nvarchar(255),
  @STEWARDSHIPNAME nvarchar(255),
  @PREFERREDSCHOOL nvarchar(255),
  @ESTABLISHEDBY nvarchar(255),
  @CONSTITUENTTYPE nvarchar(255),
  @FUNDRESTRICTION nvarchar(255),
  @MOADATE nvarchar(255),
  @RESOLUTIONDATE nvarchar(255),
  @DEPARTMENTCODEID nvarchar(255)
)
as

	set nocount on;

	if @CHANGEAGENTID is null  
		exec dbo.USP_CHANGEAGENT_GETORCREATECHANGEAGENT @CHANGEAGENTID output
				
	declare @CURRENTDATE datetime
	set @CURRENTDATE = getdate()

	begin try
		-- handle updating the data
		update USR_UA_DESIGNATIONLEVEL_EXT set
    FUNDMANAGERID = @FUNDMANAGERID,
			DESIGNATIONSTATUSCODEID = @DESIGNATIONSTATUSCODEID,
      STEWARDSHIPNAME = @STEWARDSHIPNAME,
      PREFERREDSCHOOLCODEID = @PREFERREDSCHOOL,
      ESTABLISHEDBY = @ESTABLISHEDBY,
      CONSTITUENTTYPECODEID = @CONSTITUENTTYPE,
      FUNDRESTRICTION = @FUNDRESTRICTION,
			CHANGEDBYID = @CHANGEAGENTID,
			DATECHANGED = @CURRENTDATE,
      MOADATE = @MOADATE,
      RESOLUTIONDATE = @RESOLUTIONDATE,
      DEPARTMENTCODEID = @DEPARTMENTCODEID
		where USR_UA_DESIGNATIONLEVEL_EXT.DESIGNATIONLEVELID = @ID 
	end try
	begin catch
		exec dbo.USP_RAISE_ERROR
		return 1
	end catch

return 0;
				]]>
			</c:CreateProcedureSQL>
		</SaveImplementation>

	</SPDataForm>

	<!-- describe fields on the form, which correspond to parameters on the SP.  Note that system paramters 
	like the record ID, DATALOADED, TSLONG, and CURRENTAPPUSERID need not be listed. -->
	<FormMetaData xmlns="bb_appfx_commontypes">
    
    
		<FormFields>
      
      <FormField FieldID="MOADATE" Caption="MOA Date" DataType="Date"/>
      
      <FormField FieldID="RESOLUTIONDATE" Caption="Resolution Date" DataType="Date"/>
      
      <FormField FieldID="DESIGNATIONSTATUSCODEID" DataType="Guid" Caption="Status" Required="true">
        <c:CodeTable CodeTableName="USR_UA_DESIGNATIONSTATUSCODE" />
      </FormField>

      <FormField FieldID="STEWARDSHIPNAME" Caption="Stewardship Name" DataType="String" MaxLength="255" Multiline="true"/>
      
      <FormField FieldID="PREFERREDSCHOOL" DataType="Guid" Caption="Preferred School" Required="true">
        <c:CodeTable CodeTableName="USR_UA_DESIGNATIONPREFERREDSCHOOLCODE" />
      </FormField>
      
      <FormField FieldID="ESTABLISHEDBY" Caption="Established By" DataType="String" MaxLength="255" Multiline="true"/>

      <FormField FieldID="CONSTITUENTTYPE" DataType="Guid" Caption="Constituent Type" Required="true">
        <c:CodeTable CodeTableName="USR_UA_DESIGNATIONCONSTITUENTTYPECODE" />
      </FormField>
      
      <FormField FieldID="FUNDRESTRICTION" Caption="Fund Restriction" DataType="String" MaxLength="255" Multiline="true"/>

      <FormField FieldID="FUNDMANAGERID" DataType="Guid" Required="true" Caption="Fund Manager" CaptionResourceKey="$$constituent">
        <SearchList SearchListID="23c5c603-d7d8-4106-aecc-65392b563887" EnableQuickFind="true" />
      </FormField>
      
      <FormField FieldID="DEPARTMENTCODEID" DataType="Guid" Caption="Department" Required="true">
        <c:CodeTable CodeTableName="USR_UA_DESIGNATIONDEPARTMENTCODE" />
      </FormField>

    </FormFields>
	</FormMetaData>

</EditDataFormTemplateSpec>