﻿<TableSpec 
	xmlns="bb_appfx_table"
	xmlns:c="bb_appfx_commontypes" 
	ID="7b3cdc7f-5352-44b5-96e4-9f601166a1e4"
	Name="USR UA DESIGNATION LEVEL EXT Table Spec"
	Description="Stores information about designation level records"
	Author="ADV\msstu6"
	Tablename="USR_UA_DESIGNATIONLEVEL_EXT"		   
	IsBuiltIn="false"
	>


	<Fields>
    <ForeignKeyField Description="Note that is tied to the designation." Name="DESIGNATIONLEVELID" Required="true" ForeignTable="DESIGNATIONLEVEL" OnDelete="CascadeDelete" />
    <TextField Description="Status of the designation." Name="DESIGNATIONSTATUS" Length="25" Required="false" />
    <TextField Description="Stewardship of the designation." Name="STEWARDSHIPNAME" Length="255" Required="false" />
    <TextField Description="Preferred school of the designation." Name="PREFERREDSCHOOL" Length="255" Required="false" />
    <TextField Description="Established by" Name="ESTABLISHEDBY" Length="500" Required="false" />
    <TextField Description="Constituent type of the designation." Name="CONSTITUENTTYPE" Length="255" Required="false" />
    <MemoField Description="Fund restriction." Name="FUNDRESTRICTION" />
    <DateField Description="MOA Date" Name="MOADATE" />
    <DateField Description="Resolution Date" Name="RESOLUTIONDATE" />
    <TextField Description="Fund Manager" Name="FUNDMANAGERID" Length="255" Required ="false"/>
    <CodeTableField
      Name="DESIGNATIONSTATUSCODEID"
      CodeTable="USR_UA_DESIGNATIONSTATUSCODE"
      Description="Designation Status"
       Required="false" />

    <CodeTableField
  Name="PREFERREDSCHOOLCODEID"
  CodeTable="USR_UA_DESIGNATIONPREFERREDSCHOOLCODE"
  Description="Designation Preferred School"
   Required="false" />


    <CodeTableField
  Name="CONSTITUENTTYPECODEID"
  CodeTable="USR_UA_DESIGNATIONCONSTITUENTTYPECODE"
  Description="Designation Constituent Type"
   Required="false" />

    <CodeTableField
  Name="DEPARTMENTCODEID"
  CodeTable="USR_UA_DESIGNATIONDEPARTMENTCODE"
  Description="Designation Department"
   Required="false" />
    
  </Fields>
  
  
</TableSpec>
