﻿<ViewDataFormTemplateSpec 
	xmlns="bb_appfx_viewdataformtemplate" 
	xmlns:c="bb_appfx_commontypes" 
	ID="49f0af9c-caf1-4e0d-bb27-f99f83325821" 
	Name="Designation Level Ext View Data Form"
	Description="A data form for viewing extended designation level data"
	Author="ADV\msstu6"
	DataFormInstanceID="5475a6a1-1392-4ca3-81bb-a9ff3e438038" 
	RecordType="View Data Form Template Spec"
	c:SecurityUIFolder="View Data Form Template Spec"
	>

	<!-- define the SP that returns the data used by the form -->
	<SPDataForm SPName="USR_UAUSP_DATAFORMTEMPLATE_VIEW_VIEWDESIGNATIONNOTE_EXT">
		<c:CreateProcedureSQL>
			<![CDATA[
create procedure dbo.USR_UAUSP_DATAFORMTEMPLATE_VIEW_VIEWDESIGNATIONNOTE_EXT
(
	@ID uniqueidentifier,
	@DATALOADED bit = 0 output,
  @FUNDMANAGERID nvarchar(255) = null output,
	@DESIGNATIONSTATUS nvarchar(255) = null output,
  @STEWARDSHIPNAME nvarchar(255) = null output,
  @PREFERREDSCHOOL nvarchar(255) = null output,
  @ESTABLISHEDBY nvarchar(255) = null output,
  @CONSTITUENTTYPE nvarchar(255) = null output,
  @FUNDRESTRICTION nvarchar(255) = null output,
  @MOADATE nvarchar(255) = null output,
  @RESOLUTIONDATE nvarchar(255) = null output,
  @DEPARTMENT nvarchar(255) = null output
)
as
	set nocount on;
	
	-- be sure to set this, in case the select returns no rows
	set @DATALOADED = 0;
	
	-- populate the output parameters, which correspond to fields on the form.  Note that
	-- we set @DATALOADED = 1 to indicate that the load was successful.  Otherwise, the system
	-- will display a "no data loaded" message.
  
	select @DATALOADED = 1,
       @FUNDMANAGERID = (SELECT NAME FROM CONSTITUENT WHERE ID=FUNDMANAGERID),
		   @DESIGNATIONSTATUS = USR_UA_DESIGNATIONSTATUSCODE.DESCRIPTION,
       @STEWARDSHIPNAME = STEWARDSHIPNAME,
       @PREFERREDSCHOOL = USR_UA_DESIGNATIONPREFERREDSCHOOLCODE.DESCRIPTION,
       @ESTABLISHEDBY = ESTABLISHEDBY,
       @CONSTITUENTTYPE = USR_UA_DESIGNATIONCONSTITUENTTYPECODE.DESCRIPTION,
       @FUNDRESTRICTION = FUNDRESTRICTION,
       @MOADATE = MOADATE,
       @RESOLUTIONDATE = RESOLUTIONDATE,
       @DEPARTMENT = USR_UA_DESIGNATIONDEPARTMENTCODE.DESCRIPTION
	from USR_UA_DESIGNATIONLEVEL_EXT
  join USR_UA_DESIGNATIONSTATUSCODE ON USR_UA_DESIGNATIONLEVEL_EXT.DESIGNATIONSTATUSCODEID = USR_UA_DESIGNATIONSTATUSCODE.ID
  join USR_UA_DESIGNATIONPREFERREDSCHOOLCODE ON USR_UA_DESIGNATIONLEVEL_EXT.PREFERREDSCHOOLCODEID = USR_UA_DESIGNATIONPREFERREDSCHOOLCODE.ID
  join USR_UA_DESIGNATIONCONSTITUENTTYPECODE ON USR_UA_DESIGNATIONLEVEL_EXT.CONSTITUENTTYPECODEID = USR_UA_DESIGNATIONCONSTITUENTTYPECODE.ID
  join USR_UA_DESIGNATIONDEPARTMENTCODE ON USR_UA_DESIGNATIONLEVEL_EXT.DEPARTMENTCODEID = USR_UA_DESIGNATIONDEPARTMENTCODE.ID
	where USR_UA_DESIGNATIONLEVEL_EXT.DESIGNATIONLEVELID = @ID
	
  
	return 0;
			]]>
		</c:CreateProcedureSQL>
	</SPDataForm>

	<!-- describe fields on the form, which correspond to parameters on the SP.  Note that system paramters 
	like the context @ID, @DATALOADED, and @CURRENTAPPUSERID need not be listed. -->
	<FormMetaData xmlns="bb_appfx_commontypes">
		<FormFields>
      <FormField FieldID="MOADATE" Caption="MOA Date" DataType="Date" MaxLength="255" />
      <FormField FieldID="RESOLUTIONDATE" Caption="Resolution Date" DataType="Date" MaxLength="255" />
			<FormField FieldID="DESIGNATIONSTATUS" Caption="Status" DataType="String" MaxLength="255" />
      <FormField FieldID="STEWARDSHIPNAME" Caption="Stewardship Name" DataType="String" MaxLength="255" />
      <FormField FieldID="PREFERREDSCHOOL" Caption="Preferred School" DataType="String" MaxLength="255" />
      <FormField FieldID="ESTABLISHEDBY" Caption="Established By" DataType="String" MaxLength="255" />
      <FormField FieldID="CONSTITUENTTYPE" Caption="Constituent Type" DataType="String" MaxLength="255" />
      <FormField FieldID="FUNDRESTRICTION" Caption="Fund Restriction" DataType="String" MaxLength="255" />
      <FormField FieldID="FUNDMANAGERID" DataType="String" Caption="Fund Manager"/>
      <FormField FieldID="DEPARTMENT" DataType="String" Caption="Department"/>
		</FormFields>
	</FormMetaData>

</ViewDataFormTemplateSpec>